{"20": {"corner2d": [994.5835571289062, 551.2083740234375], "corner3d": [0.43206901980548507, 0.09992285460578021, 0.16937605462257985]}, "21": {"corner2d": [1009.6769409179688, 507.87274169921875], "corner3d": [0.41290919796085307, 0.10528283524628355, 0.17141856151740056]}, "22": {"corner2d": [1025.6893310546875, 462.6509704589844], "corner3d": [0.393749376116221, 0.11064281588678691, 0.1734610684122213]}, "23": {"corner2d": [1041.38232421875, 418.12139892578125], "corner3d": [0.37458955427158896, 0.11600279652729026, 0.17550357530704203]}, "24": {"corner2d": [1056.830078125, 372.7332458496094], "corner3d": [0.35542973242695697, 0.12136277716779362, 0.17754608220186277]}, "25": {"corner2d": [947.5220336914062, 537.006591796875], "corner3d": [0.42662900124596764, 0.08068463479949517, 0.16883098879429137]}, "26": {"corner2d": [962.1741333007812, 493.4994812011719], "corner3d": [0.4074691794013356, 0.08604461543999851, 0.17087349568911211]}, "27": {"corner2d": [978.1112670898438, 448.378662109375], "corner3d": [0.3883093575567036, 0.09140459608050187, 0.17291600258393283]}, "28": {"corner2d": [993.4478759765625, 403.77423095703125], "corner3d": [0.36914953571207154, 0.09676457672100522, 0.17495850947875358]}, "29": {"corner2d": [1009.47119140625, 359.1504821777344], "corner3d": [0.3499897138674395, 0.10212455736150858, 0.1770010163735743]}, "1": {"corner2d": [190.29428100585938, 439.69097900390625], "corner3d": [0.38400186768319083, -0.22221720764513125, 0.21442761755144207]}, "0": {"corner2d": [166.94053649902344, 480.3698425292969], "corner3d": [0.4003394006453942, -0.2331167095496141, 0.2106479515684359]}, "3": {"corner2d": [239.83726501464844, 354.3180236816406], "corner3d": [0.35132680175878417, -0.20041820383616551, 0.22198694951745437]}, "2": {"corner2d": [215.01803588867188, 397.42706298828125], "corner3d": [0.3676643347209875, -0.2113177057406484, 0.2182072835344482]}, "5": {"corner2d": [112.42034912109375, 458.6684875488281], "corner3d": [0.391658678771891, -0.2490474661728045, 0.21906555580999776]}, "4": {"corner2d": [265.33441162109375, 310.75286865234375], "corner3d": [0.3349892687965808, -0.18951870193168263, 0.2257666155004605]}, "7": {"corner2d": [159.91964721679688, 372.9323425292969], "corner3d": [0.35898361284748437, -0.22724846236383878, 0.22662488777601003]}, "6": {"corner2d": [135.7433319091797, 416.80029296875], "corner3d": [0.3753211458096877, -0.23814796426832163, 0.2228452217930039]}, "9": {"corner2d": [210.076416015625, 284.180908203125], "corner3d": [0.3263085469230777, -0.205449458554873, 0.23418421974202233]}, "8": {"corner2d": [184.6932373046875, 328.7289123535156], "corner3d": [0.342646079885281, -0.2163489604593559, 0.2304045537590162]}, "11": {"corner2d": [590.08740234375, 439.6015930175781], "corner3d": [0.38531383308052186, -0.0725514304328971, 0.17882039338653366]}, "10": {"corner2d": [561.5535278320312, 476.3601379394531], "corner3d": [0.4012894352812801, -0.08456243022705064, 0.17810204927124368]}, "13": {"corner2d": [648.5637817382812, 364.61712646484375], "corner3d": [0.3533626286790054, -0.04852943084458995, 0.18025708161711365]}, "12": {"corner2d": [619.7147216796875, 401.8677978515625], "corner3d": [0.36933823087976364, -0.06054043063874352, 0.17953873750182367]}, "15": {"corner2d": [522.3788452148438, 449.27032470703125], "corner3d": [0.38983909723346377, -0.10010491553301239, 0.18332898997347982]}, "14": {"corner2d": [677.6765747070312, 327.3426208496094], "corner3d": [0.3373870264782472, -0.03651843105043638, 0.18097542573240363]}, "17": {"corner2d": [581.3587036132812, 373.5352478027344], "corner3d": [0.35788789283194733, -0.07608291594470527, 0.18476567820405979]}, "16": {"corner2d": [551.4761352539062, 411.77392578125], "corner3d": [0.37386349503270555, -0.08809391573885883, 0.1840473340887698]}, "19": {"corner2d": [639.9400634765625, 297.7450256347656], "corner3d": [0.32593668843043083, -0.05206091635639813, 0.18620236643463978]}, "18": {"corner2d": [610.55908203125, 335.5792236328125], "corner3d": [0.34191229063118905, -0.0640719161505517, 0.1854840223193498]}}
