{"20": {"corner2d": [482.0536804199219, 536.3253784179688], "corner3d": [0.4236409865051093, -0.11980333402004531, 0.14747648364792074]}, "21": {"corner2d": [521.4484252929688, 553.7341918945312], "corner3d": [0.43071657349385056, -0.10134239559810948, 0.15049804307084266]}, "22": {"corner2d": [562.1211547851562, 571.7537231445312], "corner3d": [0.43779216048259184, -0.08288145717617362, 0.15351960249376456]}, "23": {"corner2d": [602.592041015625, 590.2003173828125], "corner3d": [0.44486774747133306, -0.06442051875423777, 0.1565411619166865]}, "24": {"corner2d": [644.13134765625, 608.6272583007812], "corner3d": [0.45194333446007434, -0.04595958033230192, 0.15956272133960842]}, "25": {"corner2d": [503.497802734375, 495.8515625], "corner3d": [0.4322480745729218, -0.1201479167625063, 0.12942657235377533]}, "26": {"corner2d": [542.0931396484375, 512.806396484375], "corner3d": [0.439323661561663, -0.10168697834057047, 0.13244813177669723]}, "27": {"corner2d": [582.344970703125, 530.1454467773438], "corner3d": [0.4463992485504043, -0.08322603991863461, 0.13546969119961916]}, "28": {"corner2d": [622.1864013671875, 547.7275390625], "corner3d": [0.4534748355391456, -0.06476510149669877, 0.13849125062254108]}, "29": {"corner2d": [662.7321166992188, 565.4772338867188], "corner3d": [0.4605504225278868, -0.04630416307476293, 0.14151281004546298]}, "1": {"corner2d": [620.3899536132812, 453.3033752441406], "corner3d": [0.3928263443487437, -0.06432047499273001, 0.05284297778830384]}, "0": {"corner2d": [593.7518310546875, 454.5324401855469], "corner3d": [0.39481729258540865, -0.08021368457133035, 0.04086624975391953]}, "3": {"corner2d": [678.179931640625, 450.7972106933594], "corner3d": [0.38884444787541383, -0.032534055835529326, 0.07679643385707247]}, "2": {"corner2d": [648.4613037109375, 451.7903137207031], "corner3d": [0.3908353961120788, -0.04842726541412967, 0.06481970582268815]}, "5": {"corner2d": [598.8636474609375, 419.6043701171875], "corner3d": [0.4011556654465073, -0.06829757477098279, 0.026107138781379616]}, "4": {"corner2d": [708.6768188476562, 449.4254150390625], "corner3d": [0.38685349963874893, -0.016640846256928986, 0.08877316189145679]}, "7": {"corner2d": [653.361083984375, 415.5533142089844], "corner3d": [0.39717376897317747, -0.03651115561378212, 0.050060594850148236]}, "6": {"corner2d": [625.459228515625, 417.6880798339844], "corner3d": [0.3991647172098424, -0.05240436519238245, 0.03808386681576392]}, "9": {"corner2d": [713.05029296875, 411.21099853515625], "corner3d": [0.3931918724998476, -0.004724736456581426, 0.07401405091891686]}, "8": {"corner2d": [682.6002197265625, 413.3363342285156], "corner3d": [0.39518282073651256, -0.020617946035181765, 0.06203732288453255]}, "11": {"corner2d": [213.38580322265625, 153.19126892089844], "corner3d": [0.24604883657514084, -0.2528974103496118, 0.12846734829029735]}, "10": {"corner2d": [178.6720733642578, 144.1534881591797], "corner3d": [0.24096490717073243, -0.27188638191100334, 0.12478324448453211]}, "13": {"corner2d": [286.20806884765625, 172.32916259765625], "corner3d": [0.25621669538395764, -0.21491946722682864, 0.1358355559018278]}, "12": {"corner2d": [249.58702087402344, 162.7686004638672], "corner3d": [0.25113276597954926, -0.2339084387882202, 0.13215145209606258]}, "15": {"corner2d": [192.61276245117188, 103.62311553955078], "corner3d": [0.24345616962279953, -0.2687516723451988, 0.10518816328202177]}, "14": {"corner2d": [323.7494201660156, 182.11614990234375], "corner3d": [0.261300624788366, -0.19593049566543708, 0.13951965970759306]}, "17": {"corner2d": [263.5106506347656, 121.2411117553711], "corner3d": [0.2536240284316163, -0.23077372922241568, 0.11255637089355224]}, "16": {"corner2d": [227.3542022705078, 112.26683044433594], "corner3d": [0.24854009902720792, -0.24976270078380725, 0.108872267087787]}, "19": {"corner2d": [337.2102355957031, 140.6403350830078], "corner3d": [0.2637918872404331, -0.19279578609963252, 0.1199245785050827]}, "18": {"corner2d": [300.1846618652344, 130.52163696289062], "corner3d": [0.25870795783602474, -0.2117847576610241, 0.11624047469931748]}}